<?xml version="1.0" encoding="UTF-8"?>
<beans xmlns="http://www.springframework.org/schema/beans" 
	xmlns:xsi="http://www.w3.org/2001/XMLSchema-instance" 
	xmlns:context="http://www.springframework.org/schema/context" 
	xmlns:aop="http://www.springframework.org/schema/aop" 
	xmlns:tx="http://www.springframework.org/schema/tx"
    xsi:schemaLocation="http://www.springframework.org/schema/beans   
		http://www.springframework.org/schema/beans/spring-beans-4.3.xsd   
		http://www.springframework.org/schema/context   
		http://www.springframework.org/schema/context/spring-context-4.3.xsd   
		http://www.springframework.org/schema/tx   
		http://www.springframework.org/schema/tx/spring-tx-4.3.xsd   
		http://www.springframework.org/schema/aop    
		http://www.springframework.org/schema/aop/spring-aop-4.3.xsd">
		<!--打开注解的服务 -->
		<context:annotation-config/>
		<!--自动扫描，把组件纳入spring容器管理  -->
		<context:component-scan base-package="com.icss.henry.*" />
		<!-- 加载jdbc配置文件信息 -->
		<context:property-placeholder location="classpath:jdbc.properties"/>
		<!-- 配置数据源连接池 -->
		<bean id="dataSource" class="org.apache.commons.dbcp.BasicDataSource"
			destroy-method="close">
			<property name="driverClassName" value="${driver}" />
			<property name="url" value="${url}" />
			<property name="username" value="${user}" />
			<property name="password" value="${pwd}" />
			<!-- 连接池启动时的初始值 -->
			<property name="initialSize" value="5" />
			<!-- 连接池的最大值 -->
			<property name="maxActive" value="20" />
			<!-- 最大空闲值.当经过一个高峰时间后,连接池可以慢慢将已经用不到的连接慢慢释放一部分,一直减少到maxIdle为止 -->
			<property name="maxIdle" value="15" />
			<!-- 最小空闲值.当空闲的连接数少于阀值时,连接池就会预申请去一些连接,以免洪峰来时来不及申请 -->
			<property name="minIdle" value="10" />
		</bean>
		<!-- 配置 jdbcTemplate，注入依赖的数据源对象-->
		<bean id="jdbcTemplate" class="org.springframework.jdbc.core.JdbcTemplate">
			 <property name="dataSource" ref="dataSource"></property>
		</bean>
		<context:component-scan base-package="com.icss.henry.dao" />	
</beans>
