<?xml version="1.0" encoding="UTF-8"?>
<beans xmlns="http://www.springframework.org/schema/beans"
    xmlns:xsi="http://www.w3.org/2001/XMLSchema-instance"
    xmlns:context="http://www.springframework.org/schema/context"
    xmlns:mvc="http://www.springframework.org/schema/mvc"
    xsi:schemaLocation="http://www.springframework.org/schema/beans http://www.springframework.org/schema/beans/spring-beans.xsd
        http://www.springframework.org/schema/context http://www.springframework.org/schema/context/spring-context-3.1.xsd
        http://www.springframework.org/schema/mvc http://www.springframework.org/schema/mvc/spring-mvc-3.1.xsd">                    
 <!-- 扫描controller层 -->
    <context:component-scan base-package="com.icss.henry.controller" />
	
	
	<!-- 处理一些静态资源 -->
	<bean
		class="org.springframework.web.servlet.mvc.annotation.DefaultAnnotationHandlerMapping">
	</bean>
	<!-- handler处理适配器 -->
	<bean
		class="org.springframework.web.servlet.mvc.annotation.AnnotationMethodHandlerAdapter">
		<property name="messageConverters">
			<list>
				<!-- 用哪个消息转换器 -->
				<ref bean="jacksonMessageConverter" />
			</list>
		</property>
	</bean>
	<!-- json格式的转换器 -->
	<bean id="jacksonMessageConverter"
		class="org.springframework.http.converter.json.MappingJacksonHttpMessageConverter"></bean>
	<!-- 处理一些静态资源 -->
	<mvc:default-servlet-handler/>
	<!-- 视图解析器 -->
	<bean class="org.springframework.web.servlet.view.InternalResourceViewResolver">
		<!-- 前缀 -->
		<property name="prefix" value="/page/"></property>
		<!-- 后缀 -->
		<property name="suffix" value=".jsp"></property>
	</bean>
	<!-- 做文件上传需要的转换器 -->
	<bean id="multipartResolver"
		class="org.springframework.web.multipart.commons.CommonsMultipartResolver">
		<property name="maxUploadSize" value="1024000000"></property>
	</bean>
	<mvc:interceptors>
		<bean class="com.icss.henry.interceptors.LoginIntercepter"></bean>
	</mvc:interceptors>
	<!-- /page/+"aa/hello"+.jsp-->
</beans>
